Price,Cluster
8335,1
2909,2
8683,1
6906,0
6574,0
8505,1
5523,0
8478,1
4054,2
5338,0
9183,1
3179,2
6757,0
8753,1
8982,1
4812,0
4598,0
2514,2
6181,0
3744,2
2563,2
7593,1
8783,1
6430,0
9178,1
4490,2
3926,2
2534,2
6768,0
8087,1
7441,1
9958,1
4901,0
8303,1
5189,0
7920,1
7847,1
8782,1
7173,1
4935,0
8786,1
3150,2
8157,1
9701,1
4980,0
3128,2
3662,2
2623,2
7526,1
6340,0
6545,0
6389,0
4140,2
4349,2
6041,0
4517,2
9390,1
8340,1
7168,0
7208,1
6165,0
3758,2
9750,1
2500,2
9277,1
3995,2
2747,2
7348,1
2776,2
8323,1
6406,0
3819,2
7029,0
7500,1
9395,1
8764,1
6850,0
7756,1
4295,2
7854,1
3967,2
9391,1
4926,0
4010,2
2313,2
7947,1
4397,2
8414,1
3249,2
5648,0
6246,0
5787,0
8497,1
8138,1
9049,1
4392,2
2385,2
8880,1
5529,0
2938,2
8164,1
2964,2
3645,2
6915,0
6989,0
9820,1
9331,1
8454,1
8764,1
5510,0
4034,2
5455,0
7122,0
4956,0
6855,0
2325,2
5853,0
8669,1
2603,2
7224,1
5128,0
9055,1
8062,1
3426,2
9424,1
6011,0
8761,1
7394,1
2448,2
3813,2
8735,1
7514,1
8030,1
2051,2
8319,1
3650,2
6217,0
6465,0
4413,2
3675,2
2253,2
4380,2
5239,0
6179,0
5158,0
4208,2
7268,1
4245,2
4172,2
4795,0
4805,0
3565,2
7927,1
7006,0
3653,2
4170,2
7927,1
7826,1
3357,2
6834,0
5262,0
5038,0
6623,0
8035,1
6340,0
5860,0
5156,0
4805,0
8245,1
9082,1
5042,0
2585,2
6057,0
5719,0
7601,1
5252,0
3086,2
6408,0
5535,0
7966,1
8798,1
2094,2
8216,1
7104,0
5734,0
7403,1
7481,1
5521,0
2589,2
5253,0
3791,2
7988,1
4676,0
3576,2
6473,0
7770,1
8499,1
9669,1
5012,0
7352,1
2591,2
9309,1
3569,2
7914,1
9346,1
9534,1
9797,1
3484,2
4013,2
4553,0
9915,1
7335,1
9840,1
2641,2
3109,2
9663,1
6207,0
5344,0
7525,1
3140,2
8485,1
8946,1
9013,1
4076,2
2254,2
8600,1
2129,2
3129,2
5233,0
9551,1
3710,2
3958,2
4752,0
2308,2
9293,1
7144,0
8498,1
3511,2
9303,1
8942,1
2620,2
9588,1
7231,1
6285,0
7392,1
5323,0
3727,2
5805,0
8481,1
9779,1
8126,1
4660,0
4358,2
5058,0
5278,0
5165,0
9066,1
9807,1
4319,2
2630,2
7076,0
6822,0
3415,2
3241,2
7860,1
6457,0
9723,1
9903,1
2973,2
2544,2
4156,2
3020,2
4283,2
3469,2
7605,1
4513,2
5681,0
4222,2
7394,1
5832,0
2726,2
7709,1
2587,2
5742,0
5589,0
9357,1
7061,0
4382,2
2562,2
4775,0
6079,0
5766,0
8528,1
4396,2
6818,0
4786,0
9661,1
6761,0
8829,1
8894,1
3364,2
3738,2
6839,0
5579,0
9909,1
3002,2
6610,0
6854,0
3279,2
9967,1
5964,0
5098,0
8103,1
2891,2
6824,0
8367,1
7420,1
3342,2
4935,0
2510,2
4458,2
4825,0
6600,0
7113,0
9073,1
8409,1
7716,1
9063,1
3231,2
6649,0
8609,1
3070,2
2480,2
3254,2
3739,2
9132,1
3751,2
4259,2
8668,1
5910,0
9489,1
8029,1
5921,0
9488,1
8887,1
7896,1
6099,0
2190,2
7804,1
4998,0
9981,1
3315,2
8597,1
7902,1
7973,1
6545,0
9614,1
7262,1
4938,0
9913,1
6773,0
7736,1
2781,2
9961,1
5731,0
4737,0
4759,0
9508,1
4395,2
3104,2
5873,0
6671,0
8059,1
2037,2
9524,1
7404,1
3548,2
4741,0
9908,1
7958,1
3303,2
3155,2
5326,0
7532,1
5232,0
3484,2
4666,0
8973,1
7757,1
2717,2
7560,1
8495,1
9196,1
2209,2
9798,1
8108,1
7854,1
5333,0
4745,0
8234,1
2816,2
7604,1
4419,2
8655,1
4282,2
6906,0
6049,0
2431,2
7956,1
2543,2
7093,0
6371,0
9051,1
6621,0
8492,1
5783,0
7239,1
3951,2
8722,1
9934,1
2664,2
5171,0
8701,1
9913,1
2925,2
3629,2
5512,0
9670,1
6687,0
9488,1
8890,1
4676,0
4829,0
3289,2
5485,0
6639,0
7954,1
5542,0
2203,2
2865,2
6097,0
5979,0
3377,2
8836,1
9273,1
4716,0
3345,2
2724,2
4764,0
7966,1
7870,1
9443,1
7577,1
6193,0
6260,0
3581,2
2686,2
5637,0
2654,2
9535,1
2280,2
2149,2
2589,2
3284,2
9293,1
8057,1
3740,2
6371,0
5646,0
2311,2
9853,1
6757,0
7794,1
6345,0
6376,0
4786,0
3224,2
9472,1
3106,2
5336,0
5464,0
8622,1
7573,1
6602,0
8464,1
3155,2
9855,1
8106,1
6569,0
8266,1
3774,2
9328,1
4645,0
2789,2
9205,1
4462,2
2275,2
9578,1
2685,2
9843,1
3275,2
7623,1
9994,1
5112,0
6465,0
7837,1
4367,2
5327,0
5764,0
2671,2
7943,1
2771,2
6239,0
5457,0
8207,1
7256,1
8524,1
5642,0
7133,0
7554,1
5389,0
2590,2
6581,0
7253,1
4836,0
5010,0
8990,1
8665,1
4902,0
2174,2
2962,2
6301,0
4192,2
3531,2
8741,1
2806,2
6899,0
4519,2
4969,0
2229,2
8007,1
9905,1
4262,2
6240,0
2577,2
7623,1
6783,0
5325,0
5336,0
7925,1
4621,0
3273,2
5760,0
8688,1
3753,2
8623,1
3325,2
5376,0
2465,2
8497,1
3562,2
9216,1
3944,2
7430,1
9654,1
3048,2
5125,0
8566,1
6946,0
8086,1
7222,1
7755,1
6569,0
5044,0
4731,0
4262,2
9512,1
3199,2
6149,0
7868,1
9903,1
4188,2
9595,1
8757,1
7210,1
9841,1
3656,2
2638,2
7830,1
9410,1
7884,1
2264,2
8384,1
6985,0
8538,1
3163,2
6604,0
8448,1
5844,0
6377,0
9271,1
6200,0
5079,0
8499,1
8176,1
2162,2
2107,2
9099,1
3435,2
6605,0
8188,1
5561,0
5401,0
9533,1
7074,0
4332,2
4564,0
2284,2
3984,2
2898,2
5074,0
3943,2
7015,0
3370,2
7199,1
6307,0
7887,1
8187,1
3634,2
4129,2
6900,0
5739,0
4149,2
8793,1
9399,1
4658,0
5172,0
3686,2
4293,2
2073,2
7189,1
6430,0
5693,0
5591,0
3678,2
3094,2
3717,2
9375,1
2533,2
2060,2
6846,0
7899,1
2710,2
8028,1
3832,2
7846,1
5829,0
4738,0
2340,2
5281,0
7957,1
7296,1
3960,2
3145,2
2525,2
6853,0
6620,0
8908,1
6799,0
9132,1
2642,2
9085,1
8641,1
5662,0
8754,1
2538,2
5419,0
9952,1
5154,0
9718,1
3340,2
5313,0
3255,2
6601,0
7750,1
4198,2
6208,0
4983,0
4423,2
9348,1
2902,2
4461,2
9500,1
3945,2
7086,0
8688,1
2277,2
8109,1
2606,2
5409,0
8012,1
4941,0
5238,0
2705,2
6328,0
7453,1
3771,2
3242,2
9937,1
5192,0
5232,0
2328,2
9678,1
8041,1
5948,0
7576,1
2742,2
7409,1
3885,2
8349,1
4016,2
7845,1
2794,2
8525,1
3846,2
7434,1
4541,0
9457,1
5471,0
2496,2
6677,0
4709,0
2334,2
5366,0
3262,2
7925,1
8890,1
4266,2
2751,2
7256,1
2838,2
6954,0
2919,2
3898,2
9809,1
6410,0
6516,0
9202,1
7096,0
6917,0
6167,0
4023,2
7501,1
5214,0
4728,0
9159,1
6631,0
5101,0
2543,2
7867,1
7696,1
5590,0
7629,1
5180,0
8916,1
6637,0
6521,0
7716,1
9112,1
3507,2
3312,2
6829,0
4376,2
9555,1
8901,1
7497,1
8134,1
4843,0
5140,0
4459,2
5687,0
9026,1
2858,2
5962,0
3687,2
9669,1
3022,2
2990,2
4770,0
2472,2
6513,0
4493,2
4460,2
3688,2
5021,0
2687,2
7476,1
2521,2
5917,0
2751,2
3654,2
2943,2
8665,1
6071,0
7786,1
4150,2
5531,0
2405,2
4780,0
2793,2
9495,1
8322,1
9101,1
4116,2
3378,2
5048,0
7910,1
9727,1
4856,0
4441,2
5334,0
4736,0
4657,0
8710,1
5457,0
4521,2
7809,1
9018,1
3588,2
2415,2
8769,1
4593,0
6786,0
7896,1
5353,0
8027,1
8576,1
5803,0
7160,0
5982,0
3904,2
2726,2
8087,1
8385,1
2151,2
8428,1
4503,2
3248,2
2768,2
2487,2
3338,2
3493,2
9103,1
6203,0
6016,0
4595,0
8773,1
4836,0
8611,1
2759,2
5156,0
7850,1
8009,1
8038,1
6562,0
6370,0
7991,1
4111,2
3779,2
2878,2
4426,2
5300,0
3196,2
4255,2
5834,0
2719,2
8067,1
7436,1
7041,0
7121,0
3530,2
3612,2
2332,2
4805,0
5014,0
9029,1
9276,1
6021,0
7533,1
8619,1
4446,2
4754,0
2140,2
7835,1
3436,2
2730,2
8460,1
4633,0
7182,1
7771,1
2913,2
4495,2
2454,2
9941,1
8026,1
8754,1
7765,1
7627,1
2868,2
7025,0
7938,1
5733,0
2834,2
4491,2
2801,2
5702,0
6943,0
3617,2
5024,0
5764,0
7402,1
3876,2
3706,2
3325,2
4571,0
2604,2
7215,1
6824,0
4323,2
9185,1
2381,2
2522,2
2386,2
7122,0
7111,0
7360,1
3020,2
8719,1
8789,1
9613,1
8216,1
5532,0
5996,0
6894,0
9548,1
6035,0
3651,2
5554,0
8809,1
7501,1
2802,2
2427,2
6062,0
8228,1
6833,0
8234,1
9740,1
5436,0
3552,2
8982,1
4810,0
2090,2
6592,0
4236,2
7435,1
4799,0
5308,0
2505,2
2258,2
5657,0
6353,0
9825,1
7248,1
8879,1
2117,2
9201,1
5161,0
5934,0
2750,2
9459,1
9086,1
6713,0
2519,2
3619,2
4407,2
4821,0
7900,1
9797,1
8892,1
3754,2
4916,0
2088,2
8942,1
4773,0
7796,1
5498,0
8903,1
7271,1
2996,2
4984,0
